"Pueblo Nuevo - Portage Park - Chicago, IL",-2150.5376343832177
"Burger Theory - Fourth Ward - Houston, TX",-1539.5416148734614
"El Sol Restaurante - Shaw - Washington, DC",-1453.5452463611293
"The Halal Guys - Upper Kirby - Houston, TX",-1361.9267168564197
"Yelps Party on the Patio at City Tap House - Washington, DC",-1340.4405423739881
"4th Floor Wine Bar - Washington, DC",-701.9628639005823
"Lure Fishbar - SoHo - New York, NY",-575.2892501836609
"Karen B.'s review of Simply Pho",-233.15973994990898
"Little Tart - Koreatown - Los Angeles, CA",-211.77175741948278
"Nick C.'s review of The Black Sheep",-142.55835006834818
"Annalou L.'s review of The Black Sheep",-105.56826069298397
"Kristin B.'s review of Shake Shack",-24.156201846718844
"The Addiction Bistro - Beverly Grove - Los Angeles, CA",-21.840648399543525
"Legno Chicago - Portage Park - Chicago, IL",-20.287272320171738
"Benchmark - Park Slope - Brooklyn, NY",-18.191823003860886
"Tangaroa Fish Market & Raw Bar - Culver City - Culver City, CA",-17.783031626853504
"Lisa C.'s review of El Centro DF - Georgetown",-16.911210237061315
"Boundary Stone - Bloomingdale - Washington, DC",-16.548563752496758
"Wat Dong Moon Lek Noodle - East Hollywood - Los Angeles, CA",-16.16293580358174
"The Gordon Bar At Sixty Soho - South Village - New York, NY",-15.671446270903866
"Fogo de Cho - Financial District - San Francisco, CA",-15.054081231061858
"Moms Burgers - Compton, CA",-14.978271518968562
"Hawthorne - U Street Corridor - Washington, DC",-14.892143367315374
"Capital B.'s review of Thunder Burger & Bar",-14.610063916418158
"Cream Burger - Third Ward - Houston, TX",-14.308970242479564
"Provisions - Fourth Ward - Houston, TX",-14.288375718118006
"Henrys - Near North Side - Chicago, IL",-14.267547787503982
"Fatburger - Koreatown - Los Angeles, CA",-14.08620093383017
"L Patron Tacos - Logan Square - Chicago, IL",-13.89159560822434
"DMK Burger Bar - Near North Side - Chicago, IL",-13.758599632989478
"Songkran Thai Kitchen - Sugar Land, TX",-13.002921610237644
"Shannon G.'s review of El Centro DF - Georgetown",-12.880943386661107
"Shanghai Tokyo Cafe - Columbia Heights - Washington, DC",-12.77775583090492
"Kim Son - Downtown - Houston, TX",-12.58455306279691
"Yusho - Avondale - Chicago, IL",-12.563008650747856
"Beefbelly - Chicago, IL",-12.205502412768569
"Tarakaan - Midtown - Houston, TX",-12.152708468409976
"Furious Spoon - West Town - Chicago, IL",-12.090743159805845
"Burger It Up - East Williamsburg - Brooklyn, NY",-11.90469131330198
"Native Foods Cafe - The Loop - Chicago, IL",-11.55304056165075
"Kafe Leopold - Georgetown - Washington, DC",-11.462675391737998
"Las Placitas - Navy Yard - Washington, DC",-11.291497498060917
"Burger Tap & Shake - Tenleytown - Washington, DC",-11.280976061629817
"Frites n Meats - Williamsburg - North Side - Brooklyn, NY",-10.925188248318461
"Bucks Chicken & Biscuits - West Town - Chicago, IL",-10.608128369308089
"Trulucks - Galleria/Uptown - Houston, TX",-10.576253433535479
"Muncheez - Georgetown - Washington, DC",-10.431939308518942
"Ri Ra Irish Pub - Georgetown - Washington, DC",-9.883789368634577
"Izakaya Seki - Washington, DC",-9.828005609582808
"G By Mike Isabella - Washington, DC",-9.765042283960213
"Mott St - West Town - Chicago, IL",-9.742263015027978
"Resto - Midtown East - New York, NY",-9.66176315372402
"My Two Cents - Mid-Wilshire - Los Angeles, CA",-9.574827791971522
"Ada Street - Noble Square - Chicago, IL",-9.5418627995205
"Village Prime - West Village - New York, NY",-9.226753401919334
"Night + Market Song - Silver Lake - Los Angeles, CA",-9.207443937064863
"Barnaise - Capitol Hill - Washington, DC",-9.133430132269018
"Joes Falafel - Studio City - Los Angeles, CA",-9.0830911777601
"Mandu - Washington, DC",-9.078752351826015
"Whitman & Bloom - Kips Bay - New York, NY",-9.062884398178005
"Broken Spanish - Downtown - Los Angeles, CA",-9.043945338902459
"Roofers Union - Adams Morgan - Washington, DC",-9.01556777590221
"Vietnam Restaurant - The Heights - Houston, TX",-8.965838642189889
"Peter Luger Steak House - Great Neck, NY",-8.856013084645312
"Pub Royale - West Town - Chicago, IL",-8.779537383880534
"The Black Sheep - Downtown - Los Angeles, CA",-8.773942328515682
"Burger Palace - Galleria/Uptown - Houston, TX",-8.75422680178597
"Good Greek Grill - Los Feliz - Los Angeles, CA",-8.418579449934207
"Cockscomb - SoMa - San Francisco, CA",-8.343217260512093
"DC Grill Express - Dupont Circle - Washington, DC",-8.331157429951231
"Kim H.'s review of Bobby's Burger Palace",-8.329683308370589
"Sessanta - South Village - New York, NY",-8.224446374085526
"Fogo de Cho Brazilian Steakhouse - Downtown - Los Angeles, CA",-8.16877840112672
"Rose & Vine - Hollywood - Los Angeles, CA",-8.090827172500935
"Mastros Steakhouse - Washington, DC",-7.929314357710393
"Bachi Burger - Pasadena - Pasadena, CA",-7.9219030401252715
"The Lost Knight - Echo Park - Los Angeles, CA",-7.797481191853741
"Baxter Finley Barber & Shop - West Hollywood - West Hollywood, CA",-7.731692729903749
"Octavia - Lower Pacific Heights - San Francisco, CA",-7.709110272979976
"Plan Check Kitchen + Bar - Sawtelle - Los Angeles, CA",-7.696717995616585
"JINYA Ramen Bar - Fourth Ward - Houston, TX",-7.65208338881581
"Plonk! Beer & Wine Bistro - Oak Forest/Garden Oaks - Houston, TX",-7.642145705708547
"Le Comptoir - Koreatown - Los Angeles, CA",-7.587422635360896
"Nara Noodles & Grill - Midtown - Houston, TX",-7.492495312240958
"Kumas Too - Chicago, IL",-7.484947240695365
"The Purple Pig - Near North Side - Chicago, IL",-7.386187931474364
"Brooklyn Beet Company - Bay Ridge - Brooklyn, NY",-7.347005191380865
"Bramble - Houston, TX",-7.280865628851386
"Bareburger - Cobble Hill - New York, NY",-7.25872380537592
"Jinsol Gukbap - Koreatown - Los Angeles, CA",-7.213728514058454
"Prequel - Washington, DC",-7.16518189205475
"Serai - Logan Square - Chicago, IL",-7.130217749266159
"Kang Ho Dong Baekjeong - Koreatown - Los Angeles, CA",-6.972246497635934
"The Fainting Goat - U Street Corridor - Washington, DC",-6.962542607537008
"Tads Steakhouse - Union Square - San Francisco, CA",-6.9514069426735094
"Hoy-Ka Thai Noodles - Hollywood - Los Angeles, CA",-6.73092488902978
"Ozu East Kitchen - Atwater Village - Los Angeles, CA",-6.692813842362176
"Espetus Churrascaria - San Mateo, CA",-6.67763165825882
"Ootoya Chelsea - Flatiron - New York, NY",-6.661273846850423
"Kinzie Chop House - Near North Side - Chicago, IL",-6.602420043961428
"Umami Burger - Williamsburg - North Side - Brooklyn, NY",-6.600377102691765
"Tan Tan Restaurant - Houston, TX",-6.570631045408209
"Portillos Hot Dogs & Barnellis Salad Bowl - Near North Side - Chicago, IL",-6.535233318722665
"Little Branch - West Village - New York, NY",-6.493494790332267
"STK Washington D.C. - Dupont Circle - Washington, DC",-6.349994417273701
"Little Bigs - Museum District - Houston, TX",-6.326087175115019
"Girl & the Goat - Near West Side - Chicago, IL",-6.316840605511703
"Roti Mediterranean Grill - NoMa - Washington, DC",-6.308844557553957
"Eric N.'s review of Oyamel Cocina Mexicana",-6.250653023272338
"Ariyoshi Sushi Cafe Izakaya - Mid-Wilshire - Los Angeles, CA",-6.249881901746607
"Maki Shop - Logan Circle - Washington, DC",-6.220542121493751
"El Techo - Mission - San Francisco, CA",-6.157878916429638
"ABC Kitchen - Union Square - New York, NY",-6.132660786973605
"Smoque BBQ - Irving Park - Chicago, IL",-6.114073392618576
"Papito Potrero Hill - Potrero Hill - San Francisco, CA",-6.101667759198197
"Richard G.'s review of The Black Sheep",-6.047220838027525
"We, The Pizza - Crystal City - Arlington, VA",-5.9445370684706225
"The Franklin Room - Near North Side - Chicago, IL",-5.938267175311605
"Fogo de Cho Brazilian Steakhouse - Houston, TX",-5.9166107582799246
"Son of a Gun - Beverly Grove - Los Angeles, CA",-5.892887046731173
"Sparkles Hamburger Spot - EaDo - Houston, TX",-5.855275407407592
"Del Friscos Grille - Midtown West - New York, NY",-5.802617254352664
"TWO - Near West Side - Chicago, IL",-5.8023284478813055
"Spicy Pickle - Medical Center - Houston, TX",-5.750757012566206
"Remingtons - The Loop - Chicago, IL",-5.72845379643904
"The Steamin Burger - SoMa - San Francisco, CA",-5.714077940491651
"Bareburger - Astoria - Astoria, NY",-5.7050979735297584
"Lezos Taqueria - Mount Pleasant - Washington, DC",-5.690132921664119
"Asian Fusion - Pico-Robertson - Los Angeles, CA",-5.680974998501252
"Sukhothai Bistro - Galleria/Uptown - Houston, TX",-5.6550819253150175
"Blackwood - Marina/Cow Hollow - San Francisco, CA",-5.654458547494605
"Angel B.'s review of Hawkins House of Burgers",-5.602636600755379
"Stephanie S.'s review of Bobby's Burger Palace",-5.587009888157815
"Graso Grill - Midtown East - New York, NY",-5.5519529486953925
"Kaya Street Kitchen - Beverly Grove - Los Angeles, CA",-5.541193945971724
"Buzz - Inner Richmond - San Francisco, CA",-5.494506052232944
"Chen C.'s review of M&M Grill",-5.494430968679437
"Saint Felix - Hollywood - Los Angeles, CA",-5.493097866120263
"RiceN Bread - Lakeview - Chicago, IL",-5.468316218823746
"Prime & Provisions - The Loop - Chicago, IL",-5.397263739548453
"La Lanterna di Vittorio - Greenwich Village - New York, NY",-5.377487479867996
"Yakipan - Hollywood - Los Angeles, CA",-5.3647965036413785
"The Blanchard - Lincoln Park - Chicago, IL",-5.275773092646808
"Maple & Ash - Near North Side - Chicago, IL",-5.260459318853588
"Tlayuda LA Mexican Restaurant - East Hollywood - Los Angeles, CA",-5.258230412381545
"Smashburger - Mission - San Francisco, CA",-5.243668550474325
"Soowon Galbi KBBQ Restaurant - Koreatown - Los Angeles, CA",-5.241998949056605
"Asia Market Thai & Lao Food - The Heights - Houston, TX",-5.227097713858868
"Jeatjet? - South Slope - Brooklyn, NY",-5.2113343617219305
"Rays Hell Burger - Washington, DC",-5.210077619829087
"Baker Street Bistro - Marina/Cow Hollow - San Francisco, CA",-5.181722509979837
"La Parrilla Colombian Steakhouse - Dunning - Chicago, IL",-5.18051085561757
"Slurpin Ramen Bar - Koreatown - Los Angeles, CA",-5.149838008082086
"Highlands - Washington, DC",-5.146043124086018
"Reds Snow Wagon & More - South Acres/Crestmont Park - Houston, TX",-5.1340201822531615
"Jun Won Restaurant - Koreatown - Los Angeles, CA",-5.040295696899356
"Marcels by Robert Wiedmaier - Washington, DC",-4.961998516014507
"Commonwealth - Mission - San Francisco, CA",-4.9538102561694375
"Sandra S.'s review of Ramayani",-4.927700791495789
"Diez Y Ocho - Pilsen - Chicago, IL",-4.913494432653968
"Gyro King - Medical Center - Houston, TX",-4.895470315873243
"Shaws Crab House - Near North Side - Chicago, IL",-4.891852060745459
"Bareburger - Greenwich Village - New York, NY",-4.8400929790903024
"Elizabeth C.'s review of Shake Shack",-4.8072268215868466
"Lutong Bahay - Glassell Park - Los Angeles, CA",-4.682998659848218
"Franco On Melrose - Hollywood - Los Angeles, CA",-4.579817423509326
"Artisans Restaurant - Fourth Ward - Houston, TX",-4.576181872371792
"Pica Taco - Washington, DC",-4.550901124905429
"Pauls Da Burger Joint - East Village - New York, NY",-4.535636537893518
"Potters House - Washington, DC",-4.4884568305234955
"Golden Dumpling House - Sharpstown - Houston, TX",-4.447644008128891
"The York - Highland Park - Los Angeles, CA",-4.389953142987074
"Sichuan Pavilion - Washington, DC",-4.388160646991522
"B Bim Asian Eatery - West Town - Chicago, IL",-4.375641465912139
"Strip House - Union Square - New York, NY",-4.3584254151495125
"Oi Asian Fusion - East Hollywood - Los Angeles, CA",-4.3458640230566505
"Lukes Lobster - Financial District - New York, NY",-4.296399974481505
"SpritzBurger - Lakeview - Chicago, IL",-4.276996860347957
"Diana Z.'s review of Shake Shack",-4.271173581082007
"Dulcinea Bar & Grill - Washington, DC",-4.261288342580589
"Tropisueo - Financial District - San Francisco, CA",-4.222005693532253
"Samuel S.'s review of BGR The Burger Joint",-4.157670177489353
"Purple Patch - Mount Pleasant - Washington, DC",-4.144266993519856
"Z-Burger - Tenleytown - Washington, DC",-4.068586910779165
"Nico L.'s review of Hawkins House of Burgers",-4.065117475484669
"Petworth Citizen - Petworth - Washington, DC",-4.018472884041357
"Phillips Barbecue - West Adams - Los Angeles, CA",-3.940549271220702
"Public Kitchen and Bar - Hollywood - Los Angeles, CA",-3.938596651295285
"Jackpot - Chinatown - Washington, DC",-3.9296658824483868
"Capitol Burgers - Mid-Wilshire - Los Angeles, CA",-3.9140435969854463
"The Prime Rib - Washington, DC",-3.9067709881823713
"Mockingbird Bistro - Montrose - Houston, TX",-3.8783149910362034
"Caf Bistro - SoMa - San Francisco, CA",-3.875292300771268
"Bobbys Burger Palace - Bethesda, MD",-3.86186733149104
"Masa 14 - Washington, DC",-3.859224184479806
"Black Tap Craft Burgers & Beer - South Village - New York, NY",-3.84721509072735
"Daikaya Ramen Shop - Washington, DC",-3.745137200730304
"Super Duper Burger - Financial District - San Francisco, CA",-3.7252337814088934
"The Oinkster - Eagle Rock - Los Angeles, CA",-3.7047901959058875
"Red Hot Ranch - Lakeview - Chicago, IL",-3.649121801221831
"Shannon H.'s review of Oh My Burger",-3.580848081851293
"Katsu - West Rogers Park - Chicago, IL",-3.567068839964475
"Bad Saint - Columbia Heights - Washington, DC",-3.565137160582833
"District Tap House - Midtown West - New York, NY",-3.555540545237838
"Ara On - The Loop - Chicago, IL",-3.550599239148612
"Hinoki & The Bird - Century City - Los Angeles, CA",-3.4274082737445863
"The Roost Carolina Kitchen - Lakeview - Chicago, IL",-3.4117868997590404
"Maral T.'s review of Blue Cow Kitchen & Bar",-3.3919158871243504
"Debbie K.'s review of Lankford Grocery",-3.38845457350241
"Longman & Eagle - Logan Square - Chicago, IL",-3.3775710237009924
"Feast Kitchen & Grill - Hollywood - Hollywood, CA",-3.3764174298142753
"Burgerlords - Chinatown - Los Angeles, CA",-3.3485311163259732
"Bang Ga Nae Korean Restaurant - Alexandria, VA",-3.294633522878793
"Delfina - Mission - San Francisco, CA",-3.2728559869191485
"LAssiette - Fairfax - Los Angeles, CA",-3.2639567796803686
"E K Valley Restaurant - Culver City - Culver City, CA",-3.2321543317316594
"Hollywood  Burger - Hollywood - Los Angeles, CA",-3.2137510948120105
"Belly & Snout - Koreatown - Los Angeles, CA",-3.0945014832681346
"Nichole L.'s review of Flub A Dub Chub's",-3.081922639082639
"Flores and Sons - Sawtelle - Los Angeles, CA",-3.0635078723707942
"Beucherts Saloon - Capitol Hill - Washington, DC",-3.039875660805428
"The Pig - Logan Circle - Washington, DC",-3.021728095138634
"Pok Pok LA - Chinatown - Los Angeles, CA",-3.0192996703950796
"Los Cuates - Old Town Alexandria - Alexandria, VA",-2.9647691847233637
"Catch 56 - Hollywood - Los Angeles, CA",-2.957592771327555
"YoYos HotDog - Fourth Ward - Houston, TX",-2.9478560878895372
"Green Apple PHOever - The Loop - Chicago, IL",-2.9318401256957918
"Nara Thai Express - Midtown - Houston, TX",-2.904508024012513
"Hunky Dory - The Heights - Houston, TX",-2.895302730770372
"Del Friscos Double Eagle Steak House - Galleria/Uptown - Houston, TX",-2.8401255612849843
"Bill P.'s review of Thunder Burger & Bar",-2.821880778222879
"Cafe Beaujolais - Eagle Rock - Los Angeles, CA",-2.8162498750704787
"Bareburger - Hell's Kitchen - New York, NY",-2.8065800606210503
"Mr. C - Pico-Robertson - Los Angeles, CA",-2.777284122768283
"RPM Italian - Near North Side - Chicago, IL",-2.7759341049414403
"Running Goose - Hollywood - Los Angeles, CA",-2.7304897082128425
"Sushi by H - Beverly Grove - Los Angeles, CA",-2.7184910634377757
"Mike S.'s review of Shake Shack",-2.6576658588215163
"BuffBurger - Spring Branch - Houston, TX",-2.6416453948546024
"Cooking Girl - Fourth Ward - Houston, TX",-2.607947562029386
"The Smith - Midtown East - New York, NY",-2.603857092121943
"Burger & Barrel - SoHo - New York, NY",-2.6022397564543804
"Rito Loco Restaurant - Shaw - Washington, DC",-2.5957626041182054
"Gale Street Inn - Jefferson Park - Chicago, IL",-2.582865504753488
"Blue Ribbon Brasserie - South Village - New York, NY",-2.5622425736628536
"Jacks Wife Freda - SoHo - New York, NY",-2.5583923876412453
"Silvestre Cafe - Brookland - Washington, DC",-2.525399112074406
"HQ Howard Quintero - Irving Park - Chicago, IL",-2.5127609375961697
"Del Friscos Double Eagle Steak House - Washington, DC",-2.510359494667552
"Sono Wood Fired - Near North Side - Chicago, IL",-2.49059717322871
"Matchbox Chinatown - Chinatown - Washington, DC",-2.4872460236232112
"Berlins - Beverly Grove - Los Angeles, CA",-2.468982756353003
"The Cavalier - SoMa - San Francisco, CA",-2.4421614586551317
"Ercilias Restaurant - Mount Pleasant - Washington, DC",-2.4250782262868693
"The Big Board - H Street Corridor/Atlas District/Near Northeast - Washington, DC",-2.420050295497371
"TrueBurger - Oakland, CA",-2.419149612613858
"Murphys Red Hots - Lakeview - Chicago, IL",-2.388602344239707
"The Capital Grille - Near North Side - Chicago, IL",-2.3842488420808823
"Oegadgib - Annandale, VA",-2.3729111951389954
"The Bun Truck - Koreatown - Los Angeles, CA",-2.3603489318600444
"Wood Spoon - Downtown - Los Angeles, CA",-2.3268784406431275
"Upstate - East Village - New York, NY",-2.2931244582890526
"Bensons NYC - Lower East Side - New York, NY",-2.2867185457995554
"Boeufhaus - Humboldt Park - Chicago, IL",-2.2774428891763603
"Ruen Pair - Los Feliz - Los Angeles, CA",-2.2773856277535827
"El Sol Restaurant Y Tequileria - Washington, DC",-2.2675966402535512
"Grand Trunk - Penn Quarter - Washington, DC",-2.2618610234482377
"Sunny Blue - Culver City - Los Angeles, CA",-2.261345037967159
"Bite - Lower Nob Hill - San Francisco, CA",-2.257772804670744
"El Centro DF - Georgetown - Georgetown - Washington, DC",-2.251317151081634
"PokiNometry - Hollywood - Los Angeles, CA",-2.2355307965736166
"Plan Check Kitchen + Bar - Beverly Grove - Los Angeles, CA",-2.2339669117340892
"Honeysuckle - Washington, DC",-2.209873541125659
"Lymans Tavern - Washington, DC",-2.1927629501859216
"Smashburger - Medical Center - Houston, TX",-2.1671333347754786
"Pauls Kitchen - Upper Kirby - Houston, TX",-2.1128418411672842
"Little Sister - Downtown - Los Angeles, CA",-2.1025204798192947
"Buredo - Washington, DC",-2.0881503874543084
"Shake Shack - Battery Park - New York, NY",-2.0862966938196417
"Burger Plaza Grill - Historic South Central - Los Angeles, CA",-2.0846074915658623
"La Sirene - South Village - New York, NY",-2.054776156073859
"Mala Sichuan Bistro - Montrose - Houston, TX",-2.0213224079006014
"Spear Steak & Seafood House - Downtown - Los Angeles, CA",-2.0105657883455446
"Soap Box Cleaners - Inner Richmond - San Francisco, CA",-1.9864952627238355
"Burger Joint - San Francisco, CA",-1.9543684056053379
"PINGTUNG Eat-in Market - Fairfax - Los Angeles, CA",-1.941800912999766
"The Little Jewel of New Orleans - Chinatown - Los Angeles, CA",-1.9280404455513909
"Pappa Genos - Bellaire - Bellaire, TX",-1.9055446601234765
"Umami Burger - SoMa - San Francisco, CA",-1.8702280394198998
"Tornado Burger - Spring Branch - Houston, TX",-1.8679147673570689
"STK Chicago - Near North Side - Chicago, IL",-1.8653653330764097
"MingHin Cuisine - Chinatown - Chicago, IL",-1.8553504228400066
"Max City BBQ - Eagle Rock - Los Angeles, CA",-1.8462209532307106
"Simplethings - Beverly Grove - Los Angeles, CA",-1.8449242472484697
"Don Jaime Restaurant - Mount Pleasant - Washington, DC",-1.790329657886381
"Brgrbelly - Jefferson Park - Chicago, IL",-1.7724521414556635
"Dinos Chicken and Burgers - Pico Rivera, CA",-1.7579092545160946
"Fusion Burgers - Highland Park - Los Angeles, CA",-1.7380566398680901
"Knife & Tine - Lincoln Park - Chicago, IL",-1.712421696866044
"Black Tap Craft Burgers & Beer - West Village - New York, NY",-1.6922712893045897
"En Hakkore - Bucktown - Chicago, IL",-1.6718073882790796
"District of Pi - Penn Quarter - Washington, DC",-1.6644576445504367
"Del Rey Kitchen - Del Rey - Los Angeles, CA",-1.6421414448156773
"Jims Original Hot Dog - University Village - Chicago, IL",-1.60621683113876
"Del Friscos Grille - Washington, DC",-1.6036246043173865
"Big Bellys Burgers - South Park - Houston, TX",-1.5947222720309604
"Haydees Restaurant - Mount Pleasant - Washington, DC",-1.5868962919273102
"Benjys - The Heights - Houston, TX",-1.57110746358651
"Farmhouse - Near North Side - Chicago, IL",-1.5667068939975002
"Ink - Beverly Grove - Los Angeles, CA",-1.5524427322110474
"Bub and Pops - Dupont Circle - Washington, DC",-1.534956064556228
"Old Fashion Hamburgers - Central Southwest - Houston, TX",-1.5307453778513025
"Kumas Corner Schaumburg - Schaumburg, IL",-1.522685514858057
"Ca Brea - Koreatown - Los Angeles, CA",-1.5213394669795226
"Maxs Take Out - The Loop - Chicago, IL",-1.5063025615148036
"Thip Khao - Columbia Heights - Washington, DC",-1.484750524546379
"Provision No 14 - U Street Corridor - Washington, DC",-1.466827995302315
"Flemings Prime Steakhouse & Wine Bar - Upper Kirby - Houston, TX",-1.4467717748670672
"HRD - SoMa - San Francisco, CA",-1.4372180692669925
"Big Chef Toms Belly Burgers - SoMa - San Francisco, CA",-1.4207155826914615
"Dak & Bop - Museum District - Houston, TX",-1.360050440940816
"Darius A.'s review of Big Mouth Burgers",-1.3510819001423167
"5 Napkin Burger - Theater District - New York, NY",-1.3492856023417492
"Portos Bakery & Cafe - Burbank - Burbank, CA",-1.3392452916075397
"Los Cuates - Georgetown - Washington, DC",-1.3242547371166902
"Jerry Built Homegrown Burgers - West University - Houston, TX",-1.3000130406502226
"Please Dont Tell - East Village - New York, NY",-1.2481231809517281
"The Cannibal - Hell's Kitchen - New York, NY",-1.2150404673950415
"Smokes Poutinerie - Hollywood - Los Angeles, CA",-1.2004785447499855
"Leons Lounge - Midtown - Houston, TX",-1.1820582460782778
"369 Oriental Bistro - Fourth Ward - Houston, TX",-1.1623889756151453
"Hach LA - Silver Lake - Los Angeles, CA",-1.1351976830832586
"Burger Park - South Park - Houston, TX",-1.1239189595787278
"Cafe Grillades - San Bruno, CA",-1.117974699598984
"Freemans - Lower East Side - New York, NY",-1.1176746193676337
"Sanamluang Cafe - East Hollywood - Los Angeles, CA",-1.1148228785094403
"Bistro SF Grill - Lower Pacific Heights - San Francisco, CA",-1.1134020562741247
"Taverna 750 - Lakeview - Chicago, IL",-1.056891000671502
"Coreanos - The Heights - Houston, TX",-1.0539610438828058
"Big Burger V - Northside/Northline - Houston, TX",-1.0448408262294298
"Brenners on the Bayou - River Oaks - Houston, TX",-1.0386299601596045
"Rito Loco Truck - Shaw - Washington, DC",-1.0199922875323204
"The Burger Bistro - Park Slope - Brooklyn, NY",-1.016749955626278
"Cassells Hamburgers - Koreatown - Los Angeles, CA",-1.007781946089771
"Michael G.'s review of Flub A Dub Chub's",-1.0013600967518081
"South Central Neighborhood - Florence - Los Angeles, CA",-1.0006136919159543
"Eleven Madison Park - Flatiron - New York, NY",-0.9871385005143025
"Roka Akor - Chicago - Near North Side - Chicago, IL",-0.9705783133146916
"Westville - Chelsea - New York, NY",-0.9635950164895595
"Le Charm - CLOSED - SoMa - San Francisco, CA",-0.925852384473003
"Turquoise Restaurant - Roscoe Village - Chicago, IL",-0.9221976313303294
"The Community Bar - Fourth Ward - Houston, TX",-0.8912303250718476
"Komodo Venice - Venice - Venice, CA",-0.8698512971717676
"Gilbertson T.'s review of Lankford Grocery",-0.8688575151030334
"Big Mouth Burgers - Mission - San Francisco, CA",-0.8637890802143078
"Stout - Studio City - Studio City, CA",-0.8545008624257203
"Junior Barbecue Burger - Bayview-Hunters Point - San Francisco, CA",-0.8400409477086194
"Just Dinner - Montrose - Houston, TX",-0.793770333683463
"Kokkari Estiatorio - Financial District - San Francisco, CA",-0.7877151660055092
"Antones Import Co Original - Medical Center - Houston, TX",-0.7593124721701663
"Farm Bar Lakeview - Lakeview - Chicago, IL",-0.7527083860687867
"BIG & littles Restaurant - West Town - Chicago, IL",-0.7497485306386538
"Local - Silver Lake - Los Angeles, CA",-0.7327757870405893
"The Counter Downtown LA - Downtown - Los Angeles, CA",-0.7222666098384051
"Unite Urban Grill - Noble Square - Chicago, IL",-0.7208284066258308
"Brittany S.'s review of Oyamel Cocina Mexicana",-0.7195306291696163
"Preux & Proper - Downtown - Los Angeles, CA",-0.7064589023440674
"Taqueria Habanero - Washington, DC",-0.7050327215596429
"J & J Carryout - Washington, DC",-0.6803524213662331
"Karol L.'s review of Oyamel Cocina Mexicana",-0.6575136777273576
"Burger Joint - Mission - San Francisco, CA",-0.6240098752478421
"Burger Factory - Hollywood - Los Angeles, CA",-0.6108475419443234
"Donburi - Adams Morgan - Washington, DC",-0.6105876091142853
"Speedy Burger - Northside Village - Houston, TX",-0.6089577295394956
"Asian Outpost - Near Southside - Chicago, IL",-0.6073351352302224
"Churrascos River Oaks - Montrose - Houston, TX",-0.5993912751667024
"bopNGrill - Rogers Park - Chicago, IL",-0.5860566449804113
"M&M Grill - Medical Center - Houston, TX",-0.5795788511142084
"Shake Shack - NoMa - Washington, DC",-0.5693183511540392
"Churrasca Brazilian Steakhouse - Houston, TX",-0.545353186331034
"SoMa StrEat Food Park - SoMa - San Francisco, CA",-0.5394431204141004
"The Burger Bistro - Bay Ridge - Brooklyn, NY",-0.524245323344137
"Carnem Prime Steakhouse - Park Slope - Brooklyn, NY",-0.521109099650779
"Don Juan Restaurant - Mount Pleasant - Washington, DC",-0.496661414957382
"Cory B.'s review of Big Mouth Burgers",-0.49553498092457876
"1789 Restaurant - Georgetown - Washington, DC",-0.4907804829133748
"Joes - Upper West Side - New York, NY",-0.4815023995190451
"Nidda Thai Cuisine - Montrose - Houston, TX",-0.4622037376195948
"Tank Noodle Restaurant - Uptown - Chicago, IL",-0.45674699403272523
"Siam Noodle and Rice - Uptown - Chicago, IL",-0.45391734578743637
"Sink | Swim - Logan Square - Chicago, IL",-0.43015756376984204
"Home Bistro - Lakeview - Chicago, IL",-0.423887405535159
"Beat Kitchen - Roscoe Village - Chicago, IL",-0.4158810542021129
"Shepherd Park Draught House - Independence Heights - Houston, TX",-0.4123615196612322
"Crisp - Lakeview - Chicago, IL",-0.3787381450715027
"Heights Asian Cafe - The Heights - Houston, TX",-0.33696449319283717
"Smalls, Smoke Shack & More - Irving Park - Chicago, IL",-0.32756136679085124
"Stantons City Bites - Sixth Ward - Houston, TX",-0.31783137278635626
"Liberty Kitchen & Oysterette - Highland Village - Houston, TX",-0.3135937808087637
"Petes Blue Chip - Eagle Rock - Los Angeles, CA",-0.31183959777025083
"ein bier bitte k.'s review of Big Mouth Burgers",-0.2980367081661051
"Tortilla Cafe - Capitol Hill - Washington, DC",-0.27004431268190143
"Baoz Dumpling - Downtown - Houston, TX",-0.24743169467130843
"Osaka Japanese Restaurant - Fourth Ward - Houston, TX",-0.22673091957352193
"Izakaya - Fourth Ward - Houston, TX",-0.21229783968917734
"BGR The Burger Joint - Bethesda, MD",-0.18967447733126394
"Slow Fish - Mid-Wilshire - Los Angeles, CA",-0.17223518259003195
"El Rinconcito II - Columbia Heights - Washington, DC",-0.16686962000407046
"Sticky Rice - North Center - Chicago, IL",-0.15080117953577615
"Jazz Standard - Flatiron - New York, NY",-0.1387031133949549
"Parachute - Avondale - Chicago, IL",-0.136224065006834
"Leatherneck Steakhouse - Union Square - San Francisco, CA",-0.12568780935851448
"Pampas Grill - Fairfax - Los Angeles, CA",-0.10770238673015962
"Gulfstream - Century City - Los Angeles, CA",-0.09849860194784668
"Heebeen Restaurant - Alexandria, VA",-0.09809765558651944
"District Taco - Dupont Circle - Washington, DC",-0.08738656216359313
"Umami Burger - West Town - Chicago, IL",-0.08522174890899317
"Monteverde - Near West Side - Chicago, IL",-0.08517384669946451
"No No Burger - SoMa - San Francisco, CA",-0.08407156471898261
"Daniel K.'s review of Shake Shack",-0.07589475510152069
"Z-Burger - Washington, DC",-0.0688182801662885
"C Z.'s review of El Centro DF - Georgetown",-0.03956326855158991
"Flip n Patties - West University - Houston, TX",-0.03454353992124595
"Maggie L.'s review of Simpang Asia",-0.03325400258429113
"Hawkins House of Burgers - Los Angeles, CA",-0.02821099162491412
"Taiwan Noodle - Albany, NY",-0.027118355314181258
"Los Hermanos - Columbia Heights - Washington, DC",-0.02636094155598368
"Hall Of Flame Burgers - Parkmerced - San Francisco, CA",-0.026009015278393784
"The Pub & The People - Bloomingdale - Washington, DC",-0.02562703726944254
"Fork - Lincoln Square - Chicago, IL",-0.019092069890131774
"Baoburg - Williamsburg - North Side - New York, NY",-0.018584597689351945
"Twins Sliders - Hollywood - Los Angeles, CA",-0.018533125792995608
"Corner Burger - Lawndale, CA",-0.005331413265227737
"Two 8 Two - Boerum Hill - Brooklyn, NY",-0.0047494655419495655
"Chill Out Snowballs - Richmond, TX",0.0
"Erin A.'s review of Los Cuates",0.0
"Velvet Taco - Near North Side - Chicago, IL",0.0
"Temilotzin d.'s review of Big Mouth Burgers",0.0
"Bridget L.'s review of Flub A Dub Chub's",0.0
"Russell A.'s review of Bobby's Burger Palace",0.0
"Htown Y.'s review of M&M Grill",0.0
"Lee M.'s review of M&M Grill",0.0
"The M Shop - Glassell Park - Los Angeles, CA",0.0
"Carniceria Contreras - Santa Rosa, CA",0.0
"Pati M.'s review of Stanton's City Bites",0.0
"Ahsan I.'s review of M&M Grill",0.0
"Bj Y.'s review of Mo Better Burgers",0.0
"Khoa T.'s review of Simpang Asia",0.0
"Pho Saigon Vietnamese - Fourth Ward - Houston, TX",0.01805935269713049
"Otium - Downtown - Los Angeles, CA",0.0219519027303014
"Toko Rame Indonesian Restaurant - Bellflower, CA",0.029306259914888725
"Chego! - Chinatown - Los Angeles, CA",0.03269259997807813
"Louis Burgers - Compton, CA",0.03453829079080188
"BullsHead Restaurant - West Portal - San Francisco, CA",0.05034305362876235
"Vic & Anthonys Steakhouse - Downtown - Houston, TX",0.06036554677788269
"III Forks - Downtown - Houston, TX",0.06183443167206451
"Triple B Fresh - Dupont Circle - Washington, DC",0.07176156289523099
"UB Dogs - The Loop - Chicago, IL",0.07378270945114947
"Golden China Restaurant - Palms - Culver City, CA",0.08971831588933635
"Andrew L.'s review of Oyamel Cocina Mexicana",0.10857986199881045
"Flub A Dub Chubs - Lakeview - Chicago, IL",0.11444000974290666
"Delarosa - Marina/Cow Hollow - San Francisco, CA",0.12301887775441687
"George Keeley - Upper West Side - New York, NY",0.12513279301992564
"Bunker Hill Bar & Grill - Downtown - Los Angeles, CA",0.145796641009995
"Phos Spicier Thai Cuisine - Lakeview - Chicago, IL",0.14604411199962905
"Da Rae Jung - Lincoln Square - Chicago, IL",0.15227198797092292
"JNJ Burger Shack - West Adams - Los Angeles, CA",0.1551273217419143
"Champ Burger - Second Ward - Houston, TX",0.15704413468667552
"The Breslin Bar & Dining Room - Flatiron - New York, NY",0.16092248896748168
"Bowery Meat Company - East Village - New York, NY",0.1719340738862818
"Jeff Y.'s review of Clyde's of Georgetown",0.18166474505136287
"Millers Cafe - Independence Heights - Houston, TX",0.18261412418949394
"The Brisket House - Memorial - Houston, TX",0.18967122483804336
"Peteys Burger - Astoria - Astoria, NY",0.19738570272574876
"Simply It - Lincoln Park - Chicago, IL",0.2006465030453846
"Juniper - Williamsburg - North Side - Brooklyn, NY",0.21304871161893268
"Momotaro - Fulton Market - Chicago, IL",0.2374454677718946
"Singapores Banana Leaf - Fairfax - Los Angeles, CA",0.23789720157401845
"Oyamel Cocina Mexicana - Penn Quarter - Washington, DC",0.25103811364554734
"Patio Burgers & Beer - Eagle Rock - Los Angeles, CA",0.2552941793268905
"Cheeky Sandwiches - Lower East Side - New York, NY",0.2665365899151404
"El Camino - Bloomingdale - Washington, DC",0.2690729471798238
"New School Kitchen - Sawtelle - Los Angeles, CA",0.27026609432528975
"Kelly L.'s review of Big Mouth Burgers",0.2724657675609135
"Chibiscus Asian Cafe - Hollywood - Los Angeles, CA",0.27780097563993794
"Brennans of Houston - Fourth Ward - Houston, TX",0.28144703471906396
"Simpang Asia - Palms - Los Angeles, CA",0.2831156339042354
"Jennys Burgers - Inner Sunset - San Francisco, CA",0.2939007732241921
"Ambrosia - Museum District - Houston, TX",0.30200716836240804
"Swift & Sons - Fulton Market - Chicago, IL",0.3136636773958922
"Pappas Burger - Galleria/Uptown - Houston, TX",0.3244385788088972
"Gramercy Tavern - Flatiron - New York, NY",0.3295963815882686
"Soda Pops - Beverly Grove - Los Angeles, CA",0.33010151244178554
"TD Burger - H Street Corridor/Atlas District/Near Northeast - Washington, DC",0.33098343392611873
"Lot 2 - South Slope - Brooklyn, NY",0.3328579305790365
"Shake Shack - Dupont Circle - Washington, DC",0.34148275925732785
"Hubcap Grill - Downtown - Houston, TX",0.3466521630892697
"Range Restaurant - Mission - San Francisco, CA",0.35209003280667006
"Pappys Cafe - Memorial - Houston, TX",0.3557372804817019
"Pappas Meat Co. - Northshore - Houston, TX",0.37184726407868035
"Bossa Nova on Sunset - Hollywood - Los Angeles, CA",0.3763368323891262
"The ToreOre - Memorial - Houston, TX",0.3806368659465713
"L.A Burger - Carthay - Los Angeles, CA",0.382713488696732
"The Hungry Pig - Westlake - Los Angeles, CA",0.3901057551217353
"Impala Cantina - Washington, DC",0.40098494001943275
"El Rinconcito Cafe - Washington, DC",0.40722048126343846
"Big Mouth Burgers - San Bruno, CA",0.4119843985454549
"Beer Belly - Koreatown - Los Angeles, CA",0.4159619152440238
"Shake Shack - Penn Quarter - Washington, DC",0.41780459699814104
"Meatheads - Lincolnwood, IL",0.4265309980933603
"Las Tablas Colombian Steakhouse - Lakeview - Chicago, IL",0.42799982414412674
"Backstreet Caf - River Oaks - Houston, TX",0.44797095619632743
"Stanley S.'s review of Oyamel Cocina Mexicana",0.4636098308010757
"Houstons Restaurant - Galleria/Uptown - Houston, TX",0.46612562446111955
"Medium Rare - Capitol Hill - Washington, DC",0.4700024631422608
"Humble Potato - Culver City - Los Angeles, CA",0.47619875472786144
"Houstons Restaurant - West University - Houston, TX",0.50161718888467
"Half Acre Beer Company Tap Room - North Center - Chicago, IL",0.5046637328961807
"SaltAir Seafood Kitchen - Upper Kirby - Houston, TX",0.5129426016323201
"El Nandu Restaurant - Logan Square - Chicago, IL",0.5150764309032142
"464 - Downtown - Los Angeles, CA",0.5208055449181384
"Smashburger - Koreatown - New York, NY",0.5375579922259727
"Five Guys Burgers and Fries - Columbia Heights - Washington, DC",0.5421117131558694
"Chi Cafe - Chinatown - Chicago, IL",0.5481057429321696
"Baby Barnabys Caf - Fourth Ward - Houston, TX",0.5507378052417845
"Gotham Bar and Grill - Union Square - New York, NY",0.5594219290833031
"Bold Bite - NoMa - Washington, DC",0.5648248219368658
"Masraffs - Galleria/Uptown - Houston, TX",0.5688525270971578
"The Durham House - The Heights - Houston, TX",0.5692078248349287
"The Briks - Downtown - Los Angeles, CA",0.5728400610308007
"Evan H.'s review of Oyamel Cocina Mexicana",0.5734182926108086
"Mark - East Village - New York, NY",0.587480736555696
"Samantha D.'s review of Clyde's of Georgetown",0.6037345695003481
"Keens Steakhouse - Midtown West - New York, NY",0.6059824512091972
"Kelly W.'s review of Wood Spoon",0.6074401003697557
"Federal American Grill - The Heights - Houston, TX",0.6098282940683319
"Del Friscos Double Eagle Steak House - Theater District - New York, NY",0.6120748765335011
"Noodles In the Pot - Lincoln Park - Chicago, IL",0.613359619310586
"Stickys Chicken - Fourth Ward - Houston, TX",0.6190371688531022
"The Capital Grille - Washington, DC",0.6249372610885783
"The Bento Box - Bucktown - Chicago, IL",0.6288668303221445
"Joys Noodles & Rice - Lakeview - Chicago, IL",0.6357443434506888
"Robert N.'s review of Hawkins House of Burgers",0.6369842616655862
"Charlotte O.'s review of Big Mouth Burgers",0.637402246463281
"Marlowe - SoMa - San Francisco, CA",0.6389287354488531
"House of Fries - Oak Forest/Garden Oaks - Houston, TX",0.6391524374356005
"Indo Ranch - Lake Forest, CA",0.6395774422295241
"District 7 Grill - Fourth Ward - Houston, TX",0.6400987417845473
"benjys - West University - Houston, TX",0.6451873338776684
"Tropicalia Brazilian Grill - Los Feliz - Los Angeles, CA",0.6458288501978984
"City Tap House - Washington, DC",0.6525970779300144
"Napoleon and Josephine - Fairfax - Los Angeles, CA",0.654670911364897
"Star Chef Dumpling House - Fourth Ward - Houston, TX",0.6547382044955005
"Box Kitchen - SoMa - San Francisco, CA",0.6687998589071812
"Pappa Genos - Lazy Brook/Timbergrove - Houston, TX",0.6713945439707786
"Nicks On North - Humboldt Park - Chicago, IL",0.6763809416064163
"Brightwok Kitchen - The Loop - Chicago, IL",0.6938584548217266
"Cafe Ginger - River Oaks - Houston, TX",0.6958154463302674
"Peli Peli - Galleria/Uptown - Houston, TX",0.7007325127733646
"Belcampo Meat Co. - Nob Hill - San Francisco, CA",0.7008617953477227
"Mo Better Burgers - Mid-Wilshire - Los Angeles, CA",0.7014387166671225
"Wahs Golden Hen - East Hollywood - Los Angeles, CA",0.7039174606737911
"Petrol Station - Oak Forest/Garden Oaks - Houston, TX",0.7076278777353623
"Ramayani - Westwood - Los Angeles, CA",0.7118050858822219
"Buckhorn Grill - SoMa - San Francisco, CA",0.7127911678273169
"Chez Maman - Potrero Hill - San Francisco, CA",0.7155291111511629
"Marlowe Burger - CLOSED - SoMa - San Francisco, CA",0.7176603016701674
"Songkran Thai Kitchen - Galleria/Uptown - Houston, TX",0.7192792405300221
"Little Goat - Near West Side - Chicago, IL",0.7347337104214718
"Roost - Montrose - Houston, TX",0.7397608811551122
"Paul S.'s review of Hawkins House of Burgers",0.7416688601241007
"Buffalo Burger Restaurant - Inner Richmond - San Francisco, CA",0.7422178568533815
"District Commons - Foggy Bottom - Washington, DC",0.748352382047826
"Chicken Planet - The Loop - Chicago, IL",0.7554430230400045
"Komodo Cafe - Pico-Robertson - Los Angeles, CA",0.7687864976305168
"Los Tacos No.1 - Meatpacking District - New York, NY",0.7758019203248919
"Taylors Steakhouse - Koreatown - Los Angeles, CA",0.7959897307240317
"Sticky Rice - Downtown - Los Angeles, CA",0.7993672875142203
"Martin B.'s review of Thunder Burger & Bar",0.8051989163665741
"Mais Restaurant - Fourth Ward - Houston, TX",0.8171430103447057
"Cafe Urbano - Irving Park - Chicago, IL",0.8194484532915577
"Lalas Argentine Grill - Fairfax - Los Angeles, CA",0.8209924676904978
"Tatsu Ramen - Fairfax - Los Angeles, CA",0.8212366302531411
"Employees Only - West Village - New York, NY",0.8213913445213743
"&pizza - Washington, DC",0.8243143195116313
"The Grand Bar and Grill - Williamsburg - North Side - Brooklyn, NY",0.854932231480661
"Harris Restaurant - Nob Hill - San Francisco, CA",0.8583722667015284
"Bobos - Marina/Cow Hollow - San Francisco, CA",0.8651387283177682
"Dinos Chicken and Burgers - Pico-Union - Los Angeles, CA",0.8759958070309736
"Luckys Famous Burgers - Chelsea - New York, NY",0.8982001654405665
"Palms Thai Restaurant - Hollywood - Los Angeles, CA",0.9005523397932819
"Joes Seafood, Prime Steak & Stone Crab - Near North Side - Chicago, IL",0.9027146131296684
"Carlitos Gardel - Beverly Grove - Los Angeles, CA",0.9038387515507428
"Picca - Pico-Robertson - Los Angeles, CA",0.9085635642967665
"Causwells - Marina/Cow Hollow - San Francisco, CA",0.9112079688253673
"Clydes of Georgetown - Georgetown - Washington, DC",0.9131004359549083
"Fogo de Cho Brazilian Steakhouse - Washington, DC",0.9207647307479477
"Hearsay Gastro Lounge - Downtown - Houston, TX",0.9297925038582877
"Thai Gourmet - Houston, TX",0.9339462152670291
"MKT BAR - Downtown - Houston, TX",0.9386050674565729
"Blue Cow Kitchen & Bar - Downtown - Los Angeles, CA",0.9467034871675212
"DeStefanos Steakhouse - Williamsburg - North Side - Brooklyn, NY",0.950391042249379
"Simply Pho - Fourth Ward - Houston, TX",0.9540958626356468
"Rockwell Table & Stage - Los Feliz - Los Angeles, CA",0.957236496158757
"Chama Gacha Brazilian Steakhouse - Galleria/Uptown - Houston, TX",0.9615453444027104
"The Atlas Room - H Street Corridor/Atlas District/Near Northeast - Washington, DC",0.9632820669008209
"Frances - Castro - San Francisco, CA",0.9633087228156281
"Peter Luger Steak House - Williamsburg - South Side - Brooklyn, NY",0.9636120132082162
"Elevation Burger - Upper Kirby - Houston, TX",0.9668803815983412
"Republic Diner + Sojubang - The Heights - Houston, TX",0.9709132655143384
"A Food Affair - Pico-Robertson - Los Angeles, CA",0.9731624189940636
"Wingos - Georgetown - Washington, DC",0.9743488574506924
"Hokkaido Ramen Santouka - Mar Vista - Los Angeles, CA",0.9772985750498074
"Matchbox - U Street Corridor - Washington, DC",0.9789067887516676
"Zero Zero - SoMa - San Francisco, CA",0.9804682386618091
"Uncle Boys - Inner Richmond - San Francisco, CA",0.980890120534539
"Oporto Fooding House & Wine - Fourth Ward - Houston, TX",0.9977825329185257
"Tradicao Brazilian Steakhouse - Stafford, TX",1.0241394677871007
"Bistrot Du Coin - Washington, DC",1.0285668199306621
"Providence - Hollywood - Los Angeles, CA",1.0349431877951571
"Ruxbin - West Town - Chicago, IL",1.035045618018507
"Hubcap Grill - The Heights - Houston, TX",1.0384144208839239
"Biergarten - Koreatown - Los Angeles, CA",1.046981100042851
"Granville Moores - H Street Corridor/Atlas District/Near Northeast - Washington, DC",1.0473562120794664
"il Canale - Georgetown - Washington, DC",1.0522710884682451
"Wood - Lakeview - Chicago, IL",1.056078086848109
"Red Derby - Washington, DC",1.0578732234564532
"Cactus Cantina - Washington, DC",1.0600613264575556
"The Richmond - Inner Richmond - San Francisco, CA",1.0822017537614075
"The Kitchen - Silver Lake - Los Angeles, CA",1.0900581108623975
"Fast Gourmet - Washington, DC",1.0974120160886445
"Bourbon Steak - Washington, DC",1.1007631652978618
"Community Tavern - Portage Park - Chicago, IL",1.101644146851281
"Old Ebbitt Grill - Washington, DC",1.1078357054344061
"BGR The Burger Joint - Dupont Circle - Washington, DC",1.1174463444162765
"Pappas Bros Steakhouse - Galleria/Uptown - Houston, TX",1.1203930550888959
"Blue Duck Tavern - West End - Washington, DC",1.1249422442058281
"Jane - Greenwich Village - New York, NY",1.1339423839776188
"H-town Streats - The Heights - Houston, TX",1.1372391842169978
"Folklore Argentine Grill - West Town - Chicago, IL",1.1388724855127301
"Thunder Burger & Bar - Georgetown - Washington, DC",1.1445361891108516
"Chima Brazilian Steakhouse - Tysons Corner - Tyson's Corner-Vienna, VA",1.1448966245979049
"Taste of Texas - Memorial - Houston, TX",1.1817099292190898
"ShopHouse - Georgetown - Washington, DC",1.1968794311193696
"The House - North Beach/Telegraph Hill - San Francisco, CA",1.2130946318448281
"Pearls Deluxe Burgers - Lower Nob Hill - San Francisco, CA",1.222385683349963
"Flatiron Room - Flatiron - New York, NY",1.2278663174640567
"Gibsons Bar & Steakhouse - Near North Side - Chicago, IL",1.2316534757302087
"Huynh Restaurant - Downtown - Houston, TX",1.23253625694478
"Gary Danko - Fisherman's Wharf - San Francisco, CA",1.2423278176080528
"Hughies - Lazy Brook/Timbergrove - Houston, TX",1.253310642713486
"The Smith - East Village - New York, NY",1.2554052537762852
"Sams - North Beach/Telegraph Hill - San Francisco, CA",1.2562297609237667
"Bandera Restaurant - Near North Side - Chicago, IL",1.2576165606662242
"Bluestem Brasserie - Financial District - San Francisco, CA",1.2633030790634303
"Breakroom - Chinatown - New York, NY",1.2707985792619394
"Pedro & Vinnys - Washington, DC",1.2846011934617443
"We, The Pizza - Capitol Hill - Washington, DC",1.2868326136401842
"Roam Artisan Burgers - Marina/Cow Hollow - San Francisco, CA",1.2995062530913044
"Chef Hunan Bo - The Heights - Houston, TX",1.3047323120018268
"Sutherlands Food & Spirits - Portage Park - Chicago, IL",1.3230894520798238
"Steel Plate - Brookland - Washington, DC",1.3252530426414144
"Kumas Corner - Avondale - Chicago, IL",1.3318748755937397
"Tango Sur - Lakeview - Chicago, IL",1.3353123108904847
"Amlie - Greenwich Village - New York, NY",1.3399202963858499
"District Taco - Washington, DC",1.3408941510384733
"Dine & Ride - Griffith Park - Los Angeles, CA",1.3430743862989132
"Little Bitty Burger Barn - Oak Forest/Garden Oaks - Houston, TX",1.3497115382789784
"Black Iron Burger - East Village - New York, NY",1.350062481489627
"Animal - Beverly Grove - Los Angeles, CA",1.3624831210526054
"Meatheads - Roscoe Village - Chicago, IL",1.3644990154437533
"Craft - Century City - Los Angeles, CA",1.369632457730151
"Patinos Grill - Irving Park - Chicago, IL",1.3767132773731865
"Oregano - Williamsburg - North Side - Brooklyn, NY",1.380242635788797
"Yuko Kitchen - Mid-Wilshire - Los Angeles, CA",1.390097068864862
"Shanghai Lounge - Georgetown - Washington, DC",1.4107205264545306
"Vien Cafe - Mid-City - Los Angeles, CA",1.4161248581170016
"Mary A.'s review of Oh My Burger",1.4188006970604847
"Plan B Burger Bar - Penn Quarter - Washington, DC",1.42527273910268
"Garaje - SoMa - San Francisco, CA",1.4259220549605143
"Green Street Smoked Meats - Near West Side - Chicago, IL",1.4282565564884757
"Mias Table - Upper Kirby - Houston, TX",1.4318106867210982
"Compass Rose - Washington, DC",1.4343163570938733
"Zelko Bistro - The Heights - Houston, TX",1.457354896038829
"Bco Mercat - Downtown - Los Angeles, CA",1.468555997828966
"Bareburger - Midtown East - New York, NY",1.4745942170823942
"Blue Plate - Bernal Heights - San Francisco, CA",1.4767095436464843
"Oiistar - West Town - Chicago, IL",1.5015911473349273
"Sushi Thai Garden - Saratoga Springs, NY",1.5174059223115763
"Frites n Meats - Williamsburg - South Side - New York, NY",1.5178029492827414
"25 Degrees - Near North Side - Chicago, IL",1.521993480495268
"Fatsos Last Stand - West Town - Chicago, IL",1.5229723832681896
"Roam Artisan Burgers - Lower Pacific Heights - San Francisco, CA",1.5300442974533053
"Medium Rare - Cleveland Park - Washington, DC",1.534623614967473
"Chez Maman West - Hayes Valley - San Francisco, CA",1.53875046729422
"Bareburger - Chelsea - New York, NY",1.5550853565118992
"Jess H.'s review of Oyamel Cocina Mexicana",1.5654039574747793
"El Toro Blanco - West Village - New York, NY",1.5802848380858214
"Saucy Porka - The Loop - Chicago, IL",1.5911291802588274
"M Grill - Koreatown - Los Angeles, CA",1.5949571099892133
"Texas de Brazil - Washington, DC",1.5976999876398583
"Nosh Borough - Astoria - Astoria, NY",1.60152425463869
"Genwa Korean BBQ - Hancock Park - Los Angeles, CA",1.6204492187400446
"House of Prime Rib - Nob Hill - San Francisco, CA",1.6213703187085902
"Espetus Churrascaria - Hayes Valley - San Francisco, CA",1.6316251465838714
"MF Sushi - Museum District - Houston, TX",1.6335970161987625
"Board Room - Washington, DC",1.6414775646460755
"The Fix Burger - Silver Lake - Los Angeles, CA",1.6543902074320462
"Les Givrals Sandwich & Caf - Fourth Ward - Houston, TX",1.6593260578186808
"The Golden State - Fairfax - Los Angeles, CA",1.6663235431738805
"Roostar Vietnamese Grill - Spring Branch - Houston, TX",1.6668459716774089
"Del Seoul - Lincoln Park - Chicago, IL",1.6762426817381724
"Capitol City Brewing Company - Washington, DC",1.6832753936403522
"Chicago Cut Steakhouse - Near North Side - Chicago, IL",1.689231361150084
"Thai Bistro - West University - Houston, TX",1.7000916300230347
"BLT Steak - Washington, DC",1.7169678885452948
"Komodo Truck - Pico-Robertson - Los Angeles, CA",1.7236863220347831
"Moo Burger - Cobble Hill - Brooklyn, NY",1.7292330102344866
"Black Iron Burger - Midtown West - New York, NY",1.7386993235783148
"Burger Bar Chicago - Lincoln Park - Near North Side - Chicago, IL",1.7499049945752025
"American Wildburger - Near North Side - Chicago, IL",1.766677978292176
"Thai Aree House - Irving Park - Chicago, IL",1.7773602138579527
"Neil H.'s review of Thunder Burger & Bar",1.778638487688344
"The Gage - The Loop - Chicago, IL",1.7844656545149649
"Oh My Gogi! Truck - West University - Houston, TX",1.7855902470734117
"Tempest - SoMa - San Francisco, CA",1.793292695027165
"Ninja Ramen - The Heights - Houston, TX",1.8054001580358883
"Z-Burger - Columbia Heights - Washington, DC",1.807537542381055
"Houstons Famous Deli - Medical Center - Houston, TX",1.8455742020978503
"Lowcountry - Lakeview - Chicago, IL",1.8503880598135842
"Diamond Buffet & Grill - Westlake - Los Angeles, CA",1.8527212284802252
"ROC Kitchen - Sawtelle - Los Angeles, CA",1.8570220141125187
"Libertador - Cobble Hill - Brooklyn, NY",1.8708511735995828
"Cottonwood - Independence Heights - Houston, TX",1.8729803012849646
"Founding Farmers - Foggy Bottom - Washington, DC",1.8875498505711217
"Skinflints - Bay Ridge - Brooklyn, NY",1.9065670208154297
"Flying Fish Coffee & Tea - Mount Pleasant - Washington, DC",1.9112961250080585
"Sunda - Near North Side - Chicago, IL",1.9293811104092404
"Wes Burger - SoMa - San Francisco, CA",1.929457153551615
"Dinos Burgers - Lincoln Heights - Los Angeles, CA",1.9401730533347756
"Doc Bs - Near North Side - Chicago, IL",1.9762839116180264
"Gyu-Kaku Japanese BBQ - Near North Side - Chicago, IL",1.976867426583428
"Charlatan - Noble Square - Chicago, IL",1.9898516417034737
"Good Stuff Eatery - Capitol Hill - Washington, DC",2.009283235519427
"Lardoise Bistro - Duboce Triangle - San Francisco, CA",2.0100983108611636
"La Contenta - Lower East Side - New York, NY",2.014281123666212
"Bachi Burger - Sawtelle - Los Angeles, CA",2.018926545447759
"Bobbys Burger Palace - Washington, DC",2.0211964959566995
"Reserve 101 - Downtown - Houston, TX",2.0413064305037465
"Butcher & The Burger - Lincoln Park - Chicago, IL",2.0604693934437783
"Uglyduckling - Cobble Hill - Brooklyn, NY",2.064441663377009
"Myriad Gastro Pub - Mission - San Francisco, CA",2.0757026609785076
"Urban Eats - The Heights - Houston, TX",2.0981623670970175
"Fat Rice - Logan Square - Chicago, IL",2.1048772427408102
"Walter K.'s review of Ramayani",2.118742319710015
"Chelsea C.'s review of Shake Shack",2.1350566505144184
"Ramen Champ - Chinatown - Los Angeles, CA",2.147364166996496
"Heidi O.'s review of Flub A Dub Chub's",2.1544537530375925
"The Hay Merchant - Montrose - Houston, TX",2.157521013071137
"Joes Seafood, Prime Steak & Stone Crab - Washington, DC",2.17702033430822
"Bill C.'s review of Hawkins House of Burgers",2.1955755876203913
"Balthazar Restaurant - SoHo - New York, NY",2.20050227257289
"Park Tavern - North Beach/Telegraph Hill - San Francisco, CA",2.202219147965773
"Danny L.'s review of Stanton's City Bites",2.203368810245061
"Burger Lounge - Windsor Square - Los Angeles, CA",2.207496150106815
"Wasabi - Logan Square - Chicago, IL",2.210871661365389
"Nopa - Alamo Square - San Francisco, CA",2.213555475988794
"Bridge House Tavern - Near North Side - Chicago, IL",2.2151729851779876
"Doc Bs Fresh Kitchen - Near North Side - Chicago, IL",2.2164979536187337
"Gilt Bar - Near North Side - Chicago, IL",2.2165367283924575
"Humble Potato - Westchester - Los Angeles, CA",2.2167135505249855
"Bulgogi Cart - Washington, DC",2.2532921720621832
"Avec - Near West Side - Chicago, IL",2.2605661151724785
"Good Stuff Eatery - Georgetown - Washington, DC",2.267364086749304
"Burger Club - Astoria - Astoria, NY",2.2796964799409354
"Kai Zan - Humboldt Park - Chicago, IL",2.2843808580054525
"Raines Law Room - Flatiron - New York, NY",2.289594810597195
"The Cannibal - Midtown East - New York, NY",2.29859672944098
"ching ching CHA - Georgetown - Washington, DC",2.3038158003245717
"Club A Steakhouse - Midtown East - New York, NY",2.3055057920946807
"Thai Orchids Kitchen - Washington, DC",2.306164547404511
"BRC Gastropub - The Heights - Houston, TX",2.307156933134305
"South Meets East - Washington, DC",2.312693458350379
"The Bad Apple - North Center - Chicago, IL",2.3286849680045574
"Foreign Cinema - Mission - San Francisco, CA",2.3290660183304124
"Tanya G.'s review of Shake Shack",2.332429529454598
"Antique Taco - West Town - Chicago, IL",2.333713863742722
"Lolinda - Mission - San Francisco, CA",2.3352323863683426
"Thai Thank You - Lakeview - Chicago, IL",2.3618942075938922
"67 Burger - Fort Greene - Brooklyn, NY",2.3782367323055467
"5A5 Steak Lounge - Financial District - San Francisco, CA",2.379256180197708
"The Honeymoon Cafe & Bar - Fourth Ward - Houston, TX",2.382794616557526
"Crisp Heights - The Heights - Houston, TX",2.394406736388485
"Umami Burger - Greenwich Village - New York, NY",2.414810467892906
"DC Wiseys - Georgetown - Washington, DC",2.4370287243805278
"Whiz Burgers Drive-In - Mission - San Francisco, CA",2.4371314755806623
"Flemings Prime Steakhouse & Wine Bar - Downtown - Los Angeles, CA",2.44316176777775
"Super Duper Burgers - Financial District - San Francisco, CA",2.447286545803859
"Flatiron Lounge - Flatiron - New York, NY",2.4581323216235673
"Pete M.'s review of Big Mouth Burgers",2.4625843863431562
"Oh My Burger - Gardena, CA",2.46699005822234
"Eddies Italian Restaurant - Del Rey - Marina Del Rey, CA",2.487398164251362
"Philip T.'s review of Thunder Burger & Bar",2.489458609374189
"Krysten A.'s review of Hawkins House of Burgers",2.4948756372628527
"DMK Burger Bar - Lakeview - Chicago, IL",2.5018815870794793
"Princess D.'s review of Big Mouth Burgers",2.5327416762926154
"Bao Dim Sum House - Beverly Grove - Los Angeles, CA",2.544769430378646
"MXDC - Washington, DC",2.544837587540689
"Bubbas Texas Burger Shack - Gulfton - Houston, TX",2.5653286667876576
"Alexanders Steakhouse - SoMa - San Francisco, CA",2.623541902329945
"Umami Burger - Marina/Cow Hollow - San Francisco, CA",2.624713415384154
"Le Diplomate - Logan Circle - Washington, DC",2.632482142625965
"Thai Spice Asian Cuisine - The Heights - Houston, TX",2.6397938262204743
"Lockdown Bar & Grill - Humboldt Park - Chicago, IL",2.6540403140107824
"Gather - Lincoln Square - Chicago, IL",2.6626781221525517
"Burger Tap & Shake Foggy Bottom - Foggy Bottom - Washington, DC",2.670346371755026
"Charlie Palmer Steak - Washington, DC",2.674898085273222
"Oi Asian Fusion - Canoga Park - Los Angeles, CA",2.681303864292929
"Pine & Crane - Silver Lake - Los Angeles, CA",2.708436727772846
"Baroo - Hollywood - Los Angeles, CA",2.710531773522855
"Sakuramen - Adams Morgan - Washington, DC",2.73971443405903
"Grange Hall Burger Bar - Near West Side - Chicago, IL",2.7473509059682613
"Jones Fried Chicken - Houston, TX",2.751667573765224
"Houston Panini & Provisions - Oak Forest/Garden Oaks - Houston, TX",2.7524539407077833
"The Dresden Restaurant - Los Feliz - Los Angeles, CA",2.75717333461543
"Au Cheval - Near West Side - Chicago, IL",2.760764086947555
"Stout - Hollywood - Los Angeles, CA",2.780544703806579
"Prime & Beyond - East Village - New York, NY",2.804030056234598
"The Little Door - Beverly Grove - Los Angeles, CA",2.8128970726640548
"Myung Dong Restaurant - Sharpstown - Houston, TX",2.8190697535830855
"Gyu-Kaku Japanese BBQ - Fourth Ward - Houston, TX",2.8421211132932953
"Rove Kitchen - Lower Nob Hill - San Francisco, CA",2.8701890558105108
"El Mate - Carroll Gardens - Brooklyn, NY",2.892307933401256
"Birch - Hollywood - Los Angeles, CA",2.9347239370051974
"Umai - Printer's Row - Chicago, IL",2.946744511542745
"Es Bar - Upper West Side - New York, NY",2.9470361149108046
"Pho Long - Lazy Brook/Timbergrove - Houston, TX",2.9563179619817888
"Taqueria Nacional - U Street Corridor - Washington, DC",2.956592757661426
"Bavettes Bar & Boeuf - Near North Side - Chicago, IL",2.9805507039928067
"Fus Palace - Pico-Robertson - Los Angeles, CA",2.9907992932741867
"KPOP Chicken - Koreatown - Los Angeles, CA",3.001202405863251
"Brick & Mortar - Washington, DC",3.034107562215256
"The Stocking Frame - Downtown - Los Angeles, CA",3.0373052751205805
"Black & White - The Heights - Houston, TX",3.0413697913343514
"Kitty OSheas DC - Tenleytown - Washington, DC",3.0637791811595445
"Darin B.'s review of BGR The Burger Joint",3.090328744213519
"Toki Underground - H Street Corridor/Atlas District/Near Northeast - Washington, DC",3.190974965106602
"EurAsia Fusion Sushi - Spring Branch - Houston, TX",3.1976647682686083
"Super Duper Burgers - Duboce Triangle - San Francisco, CA",3.206629529112351
"Bareburger - Theater District - New York, NY",3.2135425220020295
"The Little Owl - West Village - New York, NY",3.2154864040336486
"Nina T.'s review of Oh My Burger",3.2190841139930892
"Tico DC - U Street Corridor - Washington, DC",3.2655722096095
"Eddie Vs Prime Seafood and Steak - Near North Side - Chicago, IL",3.2935880233934363
"SUNdeVICH - Shaw - Washington, DC",3.294459975971865
"Fat Bao - Upper Kirby - Houston, TX",3.298024217802956
"Papa Mos Deli - The Heights - Houston, TX",3.300639317709238
"Ruggles Black - Upper Kirby - Houston, TX",3.3017836456532206
"Escala - Koreatown - Los Angeles, CA",3.310813337660006
"Dupont Market - Dupont Circle - Washington, DC",3.3529760751655684
"B&B Butchers & Restaurant - Sixth Ward - Houston, TX",3.3757492515896814
"Station 4 - Washington, DC",3.3842579403026507
"Pappa Genos Steak & Cheese - Houston, TX",3.4246273281815194
"The Marq - The Loop - Chicago, IL",3.44844386999688
"Lia Cafe International - Mount Pleasant - Washington, DC",3.4596021383104127
"Desperados Burgers & Bar - U Street Corridor - Washington, DC",3.4618976963723425
"Teresa E.'s review of Singapore's Banana Leaf",3.465922495489003
"Sushi Capitol - Capitol Hill - Washington, DC",3.503991916478746
"Burger & Lobster - Flatiron - New York, NY",3.5260820519527045
"Thistle Hill Tavern - Park Slope - Brooklyn, NY",3.593333424734824
"Far East Taco Grille - Capitol Hill - Washington, DC",3.59806808030448
"Bestia - Downtown - Los Angeles, CA",3.627215808191841
"Shangri-La - Bay Ridge - Bay Ridge, NY",3.6359933571823264
"Saul G.'s review of Hawkins House of Burgers",3.6570406382567384
"The Morrison - Atwater Village - Los Angeles, CA",3.6608384635313946
"Emperors Choice Restaurant - Chinatown - Chicago, IL",3.667661948205523
"CIRCA at Foggy Bottom - Foggy Bottom - Washington, DC",3.704503100801774
"Bernadines - The Heights - Houston, TX",3.710395353315346
"Liberty Kitchen & Oyster Bar - The Heights - Houston, TX",3.7235678150822134
"Quince - Financial District - San Francisco, CA",3.7441326478261883
"The Bun Shop - Koreatown - Los Angeles, CA",3.7845895229527096
"Balboa Sushi House - Inner Richmond - San Francisco, CA",3.7914375729126504
"Griddle Fresh - Noe Valley - San Francisco, CA",3.7955094647411594
"Glorias Pupuseria - Columbia Heights - Washington, DC",3.7963734273418503
"Hitching Post - Washington, DC",3.8007667698740724
"Well Done Cooking Classes - The Heights - Houston, TX",3.8514740666785103
"Urbanbelly - Near West Side - Chicago, IL",3.870958529035327
"Surfside Taco Stand - Dupont Circle - Washington, DC",3.88972020656574
"Rustik Tavern - Bloomingdale - Washington, DC",3.9272710444099
"LA Burger Bar - Pico-Robertson - Los Angeles, CA",3.99806725305078
"SideDoor - Near North Side - Chicago, IL",4.067408286486286
"Fat Sals - Hollywood - Los Angeles, CA",4.069268308190416
"Opart Thai House - Near Southside - Chicago, IL",4.077791632550733
"Little Bad Wolf - Andersonville - Chicago, IL",4.119704474666768
"Lincoln Square Steak - Upper West Side - New York, NY",4.151598902948293
"Yuzu Sushi & Robata Grill - West Town - Chicago, IL",4.196001838017176
"Las Tablas - Portage Park - Chicago, IL",4.197144487100611
"Lankford Grocery - Fourth Ward - Houston, TX",4.219208510124681
"SoCal Self Storage - Hollywood & Bronson - Hollywood - Los Angeles, CA",4.23256331209699
"Cafe Mogador - Williamsburg - North Side - Brooklyn, NY",4.259971666351776
"Monty Gaels - North Center - Chicago, IL",4.271651405342118
"The Spotted Pig - West Village - New York, NY",4.2889798843838465
"LA Prime - Downtown - Los Angeles, CA",4.313049104413609
"Fountainhead - North Center - Chicago, IL",4.314024243368559
"The Source - Washington, DC",4.314944471082397
"MoCos Founding Farmers - Potomac, MD",4.320622291645006
"Cafecito - The Loop - Chicago, IL",4.333785822751934
"The Tombs - Georgetown - Washington, DC",4.356691899658646
"VeganBurg - The Haight - San Francisco, CA",4.372136256818492
"Super Duper Burgers - Marina/Cow Hollow - San Francisco, CA",4.392204751120768
"JJ Burger - Lower Hills - Oakland, CA",4.40465277653943
"Empire Cafe - Montrose - Houston, TX",4.421928930147675
"Kurbside Eatz - The Heights - Houston, TX",4.4440840150955
"RPM Steak - Near North Side - Chicago, IL",4.452121488989792
"El Centro DF - 14th St - Washington, DC",4.507296616006628
"Calibur - West Portal - San Francisco, CA",4.513757238152271
"White Apron Specialty Sandwiches - Washington, DC",4.514599609922323
"BIG & littles Restaurant - Lakeview - Chicago, IL",4.560409184646859
"Tanguito - Fisherman's Wharf - San Francisco, CA",4.655967724454136
"Bugis Street Brasserie - Downtown - Los Angeles, CA",4.656561976346392
"Strip House Next Door - Union Square - New York, NY",4.809250261515075
"Asian Box - Downtown - Los Angeles, CA",4.824780712597161
"Farmers Fishers Bakers - Washington, DC",4.829082577771407
"Montmartre - Capitol Hill - Washington, DC",4.83501280192921
"Lol - Mission - San Francisco, CA",4.844160076575574
"Black Tree - Lower East Side - New York, NY",4.866918448889677
"Pappas Bros Steakhouse - Downtown - Houston, TX",4.878354958016883
"Burger Bar Chicago - South Loop - South Loop - Chicago, IL",4.92054610329304
"Fnuts - Beverly Grove - Los Angeles, CA",4.940632633192357
"Docs Motorworks Bar & Grill - Montrose - Houston, TX",5.009389157671182
"Rio Churrasco On Wheels - Washington, DC",5.067105154757951
"Mlisse - Santa Monica - Santa Monica, CA",5.106319600234662
"Ambar - Capitol Hill - Washington, DC",5.15516902135101
"Gauchos Village - Glendale - Glendale, CA",5.191910908241366
"Cinderella Bakery & Cafe - Inner Richmond - San Francisco, CA",5.289844576007617
"Black Shack Burger - Midtown East - New York, NY",5.292391680886036
"Local Foods - West University - Houston, TX",5.2967050481967135
"Mytiburger - Oak Forest/Garden Oaks - Houston, TX",5.3039048348499165
"Boca2 Gastro Bar & Bites - Memorial - Houston, TX",5.331133121731664
"Bistro Des Amis - CLOSED - West University - Houston, TX",5.357412129899083
"Rockwells Neighborhood Grill - Lincoln Square - Chicago, IL",5.36076515528334
"David Burkes Primehouse - Near North Side - Chicago, IL",5.444609421212738
"Amber Steak House - Greenpoint - Brooklyn, NY",5.445484785982539
"Asia Market Thai Restaurant - Northside Village - Houston, TX",5.496012990335229
"Doozo Dumplings & Noodles - Downtown - Houston, TX",5.763711765877193
"25 Degrees - Hollywood - Los Angeles, CA",5.838602435943065
"BIG & littles Restaurant - Near North Side - Chicago, IL",5.849726574833272
"Cafe Tu-O-Tu - Georgetown - Washington, DC",5.87977959137168
"Taylors Steakhouse - La Canada Flintridge, CA",5.888586439597481
"T & B Grill - Albany Park - Chicago, IL",5.930827005255366
"Ramen-san - Near North Side - Chicago, IL",5.934766163568724
"Minetta Tavern - Greenwich Village - New York, NY",5.937837191993864
"Richies Burger Joint - Manhattan Valley - New York, NY",6.0520604548215395
"Forage - Silver Lake - Los Angeles, CA",6.063821672053552
"Slash Run - Petworth - Washington, DC",6.081667643988674
"Doves Luncheonette - West Town - Chicago, IL",6.091730056669239
"Thai Jasmine Restaurant - South Belt/Ellington - Houston, TX",6.116905833188355
"Bistro Central Parc - NoPa - San Francisco, CA",6.16605904241672
"Roses Luxury - Capitol Hill - Washington, DC",6.187001169136065
"Small Cheval - West Town - Chicago, IL",6.194030818988821
"El Chucho - Columbia Heights - Washington, DC",6.242196142067774
"JRs Barbeque - Culver City - Culver City, CA",6.259359399852327
"Graces - Upper Kirby - Houston, TX",6.268629837118638
"Panas - Dupont Circle - Washington, DC",6.362599623354857
"Chapeau! - Inner Richmond - San Francisco, CA",6.372286202018109
"Cafe TH - EaDo - Houston, TX",6.375366413482706
"Royal Thai Restaurant - North Center - Chicago, IL",6.423877437753466
"Ban Po Chung - North Park - Chicago, IL",6.438764818060592
"Siam House Thai Restaurant - Cleveland Park - Washington, DC",6.4539255669985245
"Amlie - Nob Hill - San Francisco, CA",6.498175644158005
"Big Mouth Burgers - Millbrae, CA",6.578551964426404
"Fat Bao - Sugar Land, TX",6.6947229374654125
"Wild Kitchen - Braeswood Place - Houston, TX",6.743183001140828
"Grafittis at Union St - Sixth Ward - Houston, TX",6.846636529367521
"Tonton Chicken - Washington, DC",6.869558204991972
"Serpentine - Dogpatch - San Francisco, CA",6.876769453718593
"Becks Prime - Upper Kirby - Houston, TX",6.937718830939355
"Melissa H.'s review of M&M Grill",6.958066294126856
"ShopHouse - Dupont Circle - Washington, DC",6.966036987642561
"The Burger Joint - Fourth Ward - Houston, TX",6.970462052769383
"Nueve Mexican Bar & Grill - San Bruno, CA",6.994851219618992
"Kogiya Korean BBQ - Annandale, VA",7.1655291570270165
"Marquis M.'s review of Mo Better Burgers",7.176660426108451
"The Stuffed Baked Potato Factory - Old Spanish Trail/South Union - Houston, TX",7.227250219785639
"Irori Japanese Restaurant - Del Rey - Marina del Rey, CA",7.253522478205092
"The Springbok - Fourth Ward - Houston, TX",7.277792444029759
"39 Degrees - Long Beach, CA",7.357804592271957
"The Del - Houston, TX",7.375344956411019
"The Hamilton - Washington, DC",7.417270225462947
"Cali Sandwich & Fast Food - Fourth Ward - Houston, TX",7.499428557150394
"The Smith - Upper West Side - New York, NY",7.519926235119413
"Kitchen 713 - Second Ward - Houston, TX",7.588911765921635
"Ameritalia - Near Southside - Chicago, IL",7.621776771086507
"Freds Downhome Burgers - Hyde Park - Los Angeles, CA",7.666782000383899
"Sammys Wild Game Grill - The Heights - Houston, TX",7.78558881486991
"Pitburger - Gardena, CA",7.831657394952873
"Flying Dragon Chinese Restaurant - Lazy Brook/Timbergrove - Houston, TX",7.8726705005309245
"Mia Sushi - Eagle Rock - Los Angeles, CA",7.964676145861611
"Simply Pho You - Koreatown - Los Angeles, CA",8.003852418698136
"Bouzy Gastropub - Redondo Beach - Redondo Beach, CA",8.067897831481803
"Jade C.'s review of Mo Better Burgers",8.118331214851427
"District Taco - Capitol Hill - Washington, DC",8.131504324896948
"The Dead Poet - Upper West Side - New York, NY",8.1662537315918
"Luellas Southern Kitchen - Lincoln Square - Chicago, IL",8.248233649893468
"Dantons Gulf Coast Seafood Kitchen - Museum District - Houston, TX",8.260332747503888
"Bossa Nova Brazilian Cuisine - West Hollywood - West Hollywood, CA",8.327114598777142
"Lalas Argentine Grill - Studio City - Studio City, CA",8.401710269479034
"Pok Pok Phat Thai - Chinatown - Los Angeles, CA",8.419614069950375
"Little Sister - Manhattan Beach - Manhattan Beach, CA",8.496714437458373
"Patagonia Grill & Cafe - Memorial - Spring Valley Village, TX",8.5010068679951
"Jonathans The Rub - Memorial - Houston, TX",8.607397403180201
"Founding Farmers Tysons - Tysons Corner - Tysons, VA",8.609349787217335
"Original Joes - North Beach/Telegraph Hill - San Francisco, CA",8.637907264034451
"Filomena Ristorante - Georgetown - Washington, DC",8.714357509911018
"Brgrbelly - Portage Park - Chicago, IL",8.721119440541184
"Replay Andersonville - Andersonville - Chicago, IL",8.808603953648383
"Island Burgers & Shakes - Theater District - New York, NY",9.045895884840307
"Brooklands Finest - Brookland - Washington, DC",9.092015921303082
"Ronnys Original Chicago Steak House - The Loop - Chicago, IL",9.245538781600244
"Izakaya Wa - Memorial - Houston, TX",9.337681705731692
"Korzo - South Slope - Brooklyn, NY",9.454196350456634
"China Boy - Chinatown - Washington, DC",9.84792875486537
"Silvestre Chicken - Suitland-Silver Hill, MD",9.981067134036477
"Seasons 52 - Highland Village - Houston, TX",10.609893900224932
"Ball & Chain - Hollywood - Los Angeles, CA",10.914181026368047
"Whitmans - East Village - New York, NY",11.045216355595457
"Hae Jang Chon Korean BBQ Restaurant - Koreatown - Los Angeles, CA",11.140295470317028
"Picnic on Third - SoMa - San Francisco, CA",11.177868445371953
"American Wildburger - Des Plaines, IL",12.017473517001067
"Green Door Tavern - Near North Side - Chicago, IL",12.649389307746212
"Hearsay on the Green - Downtown - Houston, TX",13.379078322868702
"Urban Ramen - Hollywood - Los Angeles, CA",14.444015703040114
"The Study - Los Feliz - Los Feliz - Los Angeles, CA",15.725574853579344
"Dana M.'s review of El Centro DF - Georgetown",15.93655241338292
"Bolt Burgers - Washington, DC",16.94680199478884
"Commissary - Koreatown - Los Angeles, CA",17.715923856641655
"Go 4 Food - Chinatown - Chicago, IL",19.657630123126296
"Swizzler Gourmet Hot Dogs - Washington, DC",73.49504523853525
"Farah R.'s review of M&M Grill",96.24962496209176
"Diane N.'s review of Simply Pho",367.6470588246424
"Jenny M.'s review of Good Stuff Eatery",500.00000000471795
"Your Pie - Downtown - Houston, TX",676.6175556096069
"Shin Ramen - Hollywood - Los Angeles, CA",33333.333333279435
